1,2,3,TONAME,EMAIL
Instagram,,,Martina,kbmsharifmahmood@gmail.com
,Facebook,,Alicia,kbmsharifmahmood@gmail.com
,,LinkedIn,Vicky,kbmsharifmahmood@gmail.com
Instagram,,,Ann,kbmsharifmahmood@gmail.com
,Facebook,,Rita,kbmsharifmahmood@gmail.com
Instagram,,,Martina,kbmsharifmahmood@gmail.com
,Facebook,,Alicia,kbmsharifmahmood@gmail.com
,,LinkedIn,Vicky,kbmsharifmahmood@gmail.com
Instagram,,,Ann,kbmsharifmahmood@gmail.com
,Facebook,,Rita,kbmsharifmahmood@gmail.com
Instagram,,,Martina,kbmsharifmahmood@gmail.com
,Facebook,,Alicia,kbmsharifmahmood@gmail.com
,,LinkedIn,Vicky,kbmsharifmahmood@gmail.com
Instagram,,,Ann,kbmsharifmahmood@gmail.com
,Facebook,,Rita,kbmsharifmahmood@gmail.com
Instagram,,,Martina,kbmsharifmahmood@gmail.com
,Facebook,,Alicia,kbmsharifmahmood@gmail.com
,,LinkedIn,Vicky,kbmsharifmahmood@gmail.com
Instagram,,,Ann,kbmsharifmahmood@gmail.com
,Facebook,,Rita,kbmsharifmahmood@gmail.com
Instagram,,,Martina,kbmsharifmahmood@gmail.com
,Facebook,,Alicia,kbmsharifmahmood@gmail.com
,,LinkedIn,Vicky,kbmsharifmahmood@gmail.com
Instagram,,,Ann,kbmsharifmahmood@gmail.com
,Facebook,,Rita,kbmsharifmahmood@gmail.com
Instagram,,,Martina,kbmsharifmahmood@gmail.com
,Facebook,,Alicia,kbmsharifmahmood@gmail.com
,,LinkedIn,Vicky,kbmsharifmahmood@gmail.com
Instagram,,,Ann,kbmsharifmahmood@gmail.com
,Facebook,,Rita,kbmsharifmahmood@gmail.com
Instagram,,,Martina,kbmsharifmahmood@gmail.com
,Facebook,,Alicia,kbmsharifmahmood@gmail.com
,,LinkedIn,Vicky,kbmsharifmahmood@gmail.com
Instagram,,,Ann,kbmsharifmahmood@gmail.com
,Facebook,,Rita,kbmsharifmahmood@gmail.com
Instagram,,,Martina,kbmsharifmahmood@gmail.com
,Facebook,,Alicia,kbmsharifmahmood@gmail.com
,,LinkedIn,Vicky,kbmsharifmahmood@gmail.com
Instagram,,,Ann,kbmsharifmahmood@gmail.com
,Facebook,,Rita,kbmsharifmahmood@gmail.com
Instagram,,,Martina,kbmsharifmahmood@gmail.com
,Facebook,,Alicia,kbmsharifmahmood@gmail.com
,,LinkedIn,Vicky,kbmsharifmahmood@gmail.com
Instagram,,,Ann,kbmsharifmahmood@gmail.com
,Facebook,,Rita,kbmsharifmahmood@gmail.com
Instagram,,,Martina,kbmsharifmahmood@gmail.com
,Facebook,,Alicia,kbmsharifmahmood@gmail.com
,,LinkedIn,Vicky,kbmsharifmahmood@gmail.com
Instagram,,,Ann,kbmsharifmahmood@gmail.com
,Facebook,,Rita,kbmsharifmahmood@gmail.com
Instagram,,,Martina,kbmsharifmahmood@gmail.com
,Facebook,,Alicia,kbmsharifmahmood@gmail.com
,,LinkedIn,Vicky,kbmsharifmahmood@gmail.com
Instagram,,,Ann,kbmsharifmahmood@gmail.com
,Facebook,,Rita,kbmsharifmahmood@gmail.com
Instagram,,,Martina,kbmsharifmahmood@gmail.com
,Facebook,,Alicia,kbmsharifmahmood@gmail.com
,,LinkedIn,Vicky,kbmsharifmahmood@gmail.com
Instagram,,,Ann,kbmsharifmahmood@gmail.com
,Facebook,,Rita,kbmsharifmahmood@gmail.com
Instagram,,,Martina,kbmsharifmahmood@gmail.com
,Facebook,,Alicia,kbmsharifmahmood@gmail.com
,,LinkedIn,Vicky,kbmsharifmahmood@gmail.com
Instagram,,,Ann,kbmsharifmahmood@gmail.com
,Facebook,,Rita,kbmsharifmahmood@gmail.com
Instagram,,,Martina,kbmsharifmahmood@gmail.com
,Facebook,,Alicia,kbmsharifmahmood@gmail.com
,,LinkedIn,Vicky,kbmsharifmahmood@gmail.com
Instagram,,,Ann,kbmsharifmahmood@gmail.com
,Facebook,,Rita,kbmsharifmahmood@gmail.com
Instagram,,,Martina,kbmsharifmahmood@gmail.com
,Facebook,,Alicia,kbmsharifmahmood@gmail.com
,,LinkedIn,Vicky,kbmsharifmahmood@gmail.com
Instagram,,,Ann,kbmsharifmahmood@gmail.com
,Facebook,,Rita,kbmsharifmahmood@gmail.com
Instagram,,,Martina,kbmsharifmahmood@gmail.com
,Facebook,,Alicia,kbmsharifmahmood@gmail.com
,,LinkedIn,Vicky,kbmsharifmahmood@gmail.com
Instagram,,,Ann,kbmsharifmahmood@gmail.com
,Facebook,,Rita,kbmsharifmahmood@gmail.com
Instagram,,,Martina,kbmsharifmahmood@gmail.com
,Facebook,,Alicia,kbmsharifmahmood@gmail.com
,,LinkedIn,Vicky,kbmsharifmahmood@gmail.com
Instagram,,,Ann,kbmsharifmahmood@gmail.com
,Facebook,,Rita,kbmsharifmahmood@gmail.com
Instagram,,,Martina,kbmsharifmahmood@gmail.com
,Facebook,,Alicia,kbmsharifmahmood@gmail.com
,,LinkedIn,Vicky,kbmsharifmahmood@gmail.com
Instagram,,,Ann,kbmsharifmahmood@gmail.com
,Facebook,,Rita,kbmsharifmahmood@gmail.com
